name,link
University of Kalyani,https://klyuniv.ac.in/faculty-directory/[1]
IIM Calcutta (Indian Institute of Management Calcutta),https://www.iimcal.ac.in/faculty/faculty-directory[5]
"Indian Institute of Technology (IIT), Kharagpur",http://www.iitkgp.ac.in/departments
"Indian Institute of Management (IIM), Calcutta",https://www.iimcal.ac.in/faculty/faculty-profiles
"National Institute of Technology (NIT), Durgapur",https://nitdgp.ac.in/department
"Indian Institute of Engineering Science and Technology (IIEST), Shibpur",https://www.iiests.ac.in/IIEST/department
"Indian Institute of Science Education and Research (IISER), Kolkata",https://www.iiserkol.ac.in/web/en/people/faculty/
"Indian Statistical Institute (ISI), Kolkata",https://www.isical.ac.in/~deanweb/faculty_home_pages.html
Jadavpur University,http://www.jaduniv.edu.in/faculty.php
University of Calcutta,https://www.caluniv.ac.in/academic/department.html
"Presidency University, Kolkata",https://www.presiuniv.ac.in/web/faculty-members.php
University of Burdwan,https://buruniv.ac.in/index.php/site/academic_department
University of Kalyani,https://klyuniv.ac.in/departments/
Vidyasagar University,http://www.vidyasagar.ac.in/department
University of North Bengal,https://www.nbu.ac.in/academics/departments.html
Maulana Abul Kalam Azad University of Technology (MAKAUT),https://makautwb.ac.in/page.php?id=255
Rabindra Bharati University,https://www.rbu.ac.in/faculty
West Bengal State University,https://wbsu.ac.in/departments/
Sidho Kanho Birsha University,https://skbu.ac.in/departments
Cooch Behar Panchanan Barma University,https://cbpbu.ac.in/departments-of-faculty-council/
"St. Xaviers College (Autonomous), Kolkata",https://www.sxccal.edu/academics/departments/
"Ramakrishna Mission Vivekananda Centenary College, Rahara (Autonomous)",https://rkmvccrahara.org/departments.php
"Ramakrishna Mission Vidyamandira, Belur Math (Autonomous)",https://vidyamandira.ac.in/departments/
Heritage Institute of Technology (Autonomous),https://www.heritageit.edu/Academic/Home.aspx#Departments
"Institute of Engineering & Management (IEM), Kolkata",https://iem.edu.in/iem-faculty/
Techno India University,https://www.technoindiauniversity.ac.in/faculty-list.php
"Amity University, Kolkata",https://www.amity.edu/kolkata/faculty.aspx
Adamas University,https://adamasuniversity.ac.in/academics/faculty/
Sister Nivedita University,https://snuniv.ac.in/schools.aspx
Brainware University,https://www.brainwareuniversity.ac.in/phd-supervisors.php
Scottish Church College,https://www.scottishchurch.ac.in/departments/
Bethune College,https://www.bethunecollege.ac.in/departments.htm
Maulana Azad College,https://maulanaazadcollegekolkata.ac.in/departments.php
Lady Brabourne College,https://www.ladybrabourne.com/view-all-departments.php
Goenka College of Commerce and Business Administration,https://goenkacollege.net/department.html
Asutosh College,https://asutoshcollege.in/new-web/departments.php
Jalpaiguri Government Engineering College,https://jgec.ac.in/departments/
Kalyani Government Engineering College,https://www.kgec.edu.in/departments.phpHere
are faculty directory links for selected colleges in Andhra Pradesh formatted as requested,-
JNTU-GV College of Engineering Vizianagaram,https://jntugvcev.edu.in/department/information-technology/staff-list/[1]
"SRM University AP, Andhra Pradesh",https://srmap.edu.in/faculty-4/[3]
NIT Andhra Pradesh (HOD Profiles/contacts),https://nitandhra.ac.in/main/hod.php[5]
Some other colleges (from authoritative documents and summaries) in Andhra Pradesh whose faculty directory links are not available in the search results but are regularly referenced,-
"Andhra University, Visakhapatnam",https://www.andhrauniversity.edu.in/schools-and-departments.html
"Sri Venkateswara University, Tirupati",https://www.svuniversity.edu.in/departments
"Jawaharlal Nehru Technological University (JNTU), Kakinada",http://www.jntuk.edu.in/university-college-of-engineering-kakinada/
"Jawaharlal Nehru Technological University (JNTU), Anantapur",https://www.jntuacea.ac.in/departments/
"Acharya Nagarjuna University, Guntur",https://www.anu.ac.in/academics/departments
"Indian Institute of Technology (IIT), Tirupati",https://iittp.ac.in/people/faculty
"National Institute of Technology (NIT), Andhra Pradesh",https://nitandhra.ac.in/main/departments
"Indian Institute of Management (IIM), Visakhapatnam",https://iimv.ac.in/faculty-and-research/faculty-profiles
"Indian Institute of Science Education and Research (IISER), Tirupati",http://www.iisertirupati.ac.in/people/faculty/
"Sri Krishnadevaraya University, Anantapur",http://www.skuniversity.ac.in/departments.php
"Sri Padmavati Mahila Visvavidyalayam, Tirupati",https://www.spmvv.ac.in/departments.html
"Dravidian University, Kuppam",https://dravidianuniversity.ac.in/schools.php
"SRM University, AP - Amaravati",https://srmap.edu.in/faculty/
"VIT-AP University, Amaravati",https://vitap.ac.in/all-faculty-list/
"Koneru Lakshmaiah Education Foundation (KL University), Vaddeswaram",https://www.kluniversity.in/departments.aspx
"GITAM (Gandhi Institute of Technology and Management), Visakhapatnam",https://git.gitam.edu/departments/
"Vignans Foundation for Science, Technology & Research, Guntur",https://www.vignan.ac.in/departments.php
"Gayatri Vidya Parishad College of Engineering (GVPCE), Visakhapatnam",http://www.gvpce.ac.in/departments.html
"Velagapudi Ramakrishna Siddhartha Engineering College (VRSEC), Vijayawada",https://www.vrsiddhartha.ac.in/departments/
"RVR & JC College of Engineering, Guntur",https://www.rvrjcce.ac.in/departments.php
"Sri Venkateswara College of Engineering (SVCE), Tirupati",https://www.svce.edu.in/departments
"G. Pulla Reddy Engineering College, Kurnool",https://www.gprec.ac.in/departments-2/
"Andhra Medical College, Visakhapatnam",http://amc.edu.in/departments.html
"Guntur Medical College, Guntur",http://gmc.ap.gov.in/departments.html
"Rangaraya Medical College, Kakinada",http://www.rmckakinada.com/departments.html
"Sri Venkateswara Medical College, Tirupati",https://svmc.ap.nic.in/departments.html
Disclaimer,This
"list includes many of the prominent institutions in Andhra Pradesh. It is not exhaustive, as website structures vary and some smaller colleges may not have easily accessible online directories.Here are the faculty directory links (or closest equivalents) of colleges in Arunachal Pradesh, formatted as requested",-
Rajiv Gandhi University,[Faculty
contact directory (PDF)](https,//rgu.ac.in/wp-content/uploads/2022/08/Contact-Numbers-of-Teaching-Staff-Department-wise.pdf)[3]
Government College Bomdila,[Faculty
details](https,//gcbdl.edu.in/webpages/faculty.html)[5]
"Other prominent colleges and universities in Arunachal Pradesh have official websites, but their faculty directories are either not directly linked in the search results or are not available publicly. Directories are often found within college official sites, here are their main links",-
Arunachal University of Studies,[Main
college site](http,//www.arunachaluniversity.ac.in/)[2]
Apex Professional University,[Main
college site](https,//www.apexuniversity.edu.in)[4]
"College of Horticulture & Forestry, Pasighat",[Main
college site](http,//www.chfcau.org.in/)[4]
"Jawaharlal Nehru College, Pasighat",[Main
college site](https,//www.jncpasighat.edu.in/)[4]
Doying Gumin College,[Official
Facebook page](https,//www.facebook.com/doyinggumincollege/)[4]
Mahabodhi Lord Buddha College,[Main
college site](https,//www.mlbcollege.in/)[2]
Venerable Uktara Bethany College,[Main
college site](http,//vubcnamsai.com/)[2]
Observation,Only
Universities and Institutes of National Importance,Rajiv
"Gandhi University, Rono Hills",https://rgu.ac.in/departments/
"North Eastern Regional Institute of Science and Technology (NERIST), Nirjuli",https://www.nerist.ac.in/departments
"National Institute of Technology (NIT), Arunachal Pradesh",https://www.nitap.ac.in/departments
"Himalayan University, Itanagar",https://www.himalayanuniversity.com/faculty-list.php
"Apex Professional University, Pasighat",https://www.apexuniversity.edu.in/faculty.aspx
Government Colleges,Jawaharlal
"Nehru College, Pasighat",http://www.jnc.ac.in/departments.php
"Dera Natung Government College, Itanagar",https://dngc.ac.in/departments/
"Indira Gandhi Government College, Tezu",https://www.iggcollege.ac.in/departments
"Don Bosco College, Itanagar",https://www.dbcitanagar.ac.in/teaching-staff/
"Wangcha Rajkumar Government College, Deomali",https://wrgc.in/department
"Government College, Bomdila",http://www.gcbomdila.edu.in/teachingstaff
"Government Model College, Geku",https://gmcsg.ac.in/faculty.php
"Government College, Yachuli",https://gcyachuli.ac.in/faculty-2/
"Government Degree College, Daporijo",http://gdcdapo.ac.in/department.html
"Rang Frah Government College, Changlang",http://www.rfgc.ac.in/faculty.php
(Note,College
websites are subject to change. Some smaller colleges may not have an easily accessible or up-to-date online faculty list.)Here are faculty directory links for colleges and universities in Assam based on available search results,-
Sibsagar University,https://sibsagaruniversity.ac.in/teachingstaff.php[1]
Assam Don Bosco University,https://dbuniversity.ac.in/pdfs/Telephone-Directory.pdf[3]
Assam Down Town University,https://adtu.in/faculty-members.html[5]
"If you need the faculty directory links for more colleges, the official Assam Higher Education portal provides a comprehensive directory of colleges and their profiles, although it may not always directly link to faculty directories",https://highereducation.assam.gov.in/portlets/profiles-of-universities-and-colleges[2].
Gauhati University,https://gauhati.ac.in/academic/departments
Dibrugarh University,https://dibru.ac.in/all-departments-and-centres/
Tezpur University,http://www.tezu.ernet.in/schools.html
"Assam University, Silchar",http://www.aus.ac.in/departments/
Cotton University,https://cottonuniversity.ac.in/departments
Assam Agricultural University,https://www.aau.ac.in/colleges
Assam Don Bosco University,https://dbuniversity.ac.in/schools.php
Bodoland University,https://buniv.edu.in/pagedisplay/academic-departments
The Assam Royal Global University,https://rgu.ac/schools.html
Kaziranga University,https://www.kazirangauniversity.in/schools/
Krishna Kanta Handiqui State Open University (KKHSOU),https://kkhsou.in/web/guest/faculty-member
Kumar Bhaskar Varma Sanskrit and Ancient Studies University,https://www.kbvsasun.ac.in/departments.php
Indian Institute of Technology Guwahati (IITG),https://www.iitg.ac.in/acad/
National Institute of Technology Silchar (NIT Silchar),http://www.nits.ac.in/departments/
Assam Engineering College (AEC),http://www.aec.ac.in/departments.php
Jorhat Institute of Science & Technology (JIST),https://jist.ac.in/departments-2/
Jorhat Engineering College (JEC),https://jecassam.ac.in/departments-2/
Indian Institute of Information Technology Guwahati (IIITG),https://www.iiitg.ac.in/people.php?cat=faculty
Gauhati Medical College and Hospital (GMCH),https://gmchassam.gov.in/departments
"Assam Medical College, Dibrugarh (AMC)",https://amch.edu.in/departments/
Silchar Medical College and Hospital (SMCH),https://smcassam.gov.in/departments
Jorhat Medical College & Hospital (JMCH),https://jmch.org.in/departments/
"Fakhruddin Ali Ahmed Medical College, Barpeta",https://faamcassam.co.in/departments/
B. Borooah College,https://www.bborooahcollege.ac.in/departments.php
Handique Girls College,https://www.hgcollege.edu.in/departments.php
Jagannath Barooah College (J.B. College),https://www.jbcollege.in/departments/
Nowgong College,https://www.nowgongcollege.edu.in/departments
Darrang College,https://darrangcollege.ac.in/departments/
Arya Vidyapeeth College,https://avcollege.ac.in/all-department/Below
"are faculty directory links of colleges in Bihar as found in the search results, formatted as requested",-
"Bihar National College (B.N. College), Patna",https://www.bncollegepatna.com/facuilty-profile-list.php[1]
Babasaheb Bhimrao Ambedkar Bihar University – Teachers List,https://brabu.ac.in/home/emp[3]
Central University of South Bihar – Faculty List,https://www.cusb.ac.in/index.php?option=com_content&view=article&id=346&Itemid=434[5]
Note,-
"Indian Institute of Technology (IIT), Patna",https://www.iitp.ac.in/index.php/people/faculty
"National Institute of Technology (NIT), Patna",http://www.nitp.ac.in/php/departments.php
"All India Institute of Medical Sciences (AIIMS), Patna",https://aiimspatna.edu.in/index.php/departments
"National Institute of Pharmaceutical Education and Research (NIPER), Hajipur",http://www.niperhajipur.ac.in/faculty.html
Patna University,https://www.pup.ac.in/faculties
Central University of South Bihar (CUSB),https://www.cusb.ac.in/faculty/
Nalanda University,https://nalandauniv.edu.in/faculty-members/
"Chanakya National Law University (CNLU), Patna",https://www.cnlu.ac.in/faculty/
"Aryabhatta Knowledge University, Patna",https://akubihar.ac.in/departments/
"Bihar Engineering University (BEU), Patna",https://beu.ac.in/faculty-2/
"Indira Gandhi Institute of Medical Sciences (IGIMS), Patna",http://www.igims.org/departments.aspx
Patna Medical College and Hospital (PMCH),http://pmch.in/departments.html
"Bakhtiyarpur College of Engineering (BCE), Patna",https://bcebakhtiyarpur.ac.in/faculty/
"Motihari College of Engineering (MCE), Motihari",https://mcemotihari.ac.in/departments/
"Gaya College of Engineering, Gaya",https://www.gcegaya.ac.in/departments/
Patna Womens College,https://patnawomenscollege.in/department/
"A.N. College, Patna",https://www.ancollege.ac.in/departments.php
"St. Xaviers College of Management & Technology, Patna",https://sxcpatna.edu.in/faculty.html
"College of Commerce, Arts & Science, Patna",https://www.cocaspatna.ac.in/department/allHere
"are faculty directory links for colleges in Chhattisgarh, based on the available search results",-
Pandit Sundarlal Sharma (Open) University (PSSOU),https://www.pssou.ac.in/index?page=element&id=FACULTY[1]
"Government Chhattisgarh P.G. College, Raipur",https://cgcollege.org/Assets/Documents/Faculty%20List.pdf[3]
"Veerangana Rani Durgavati Government College, Marwahi",http://vrdgcollege.in[4]
"Durga College, Raipur",https://www.durgacollege.in/index.php?page=departmentFaculty[5]
"Indian Institute of Technology (IIT), Bhilai",https://www.iitbhilai.ac.in/index.php?pid=faculty
"National Institute of Technology (NIT), Raipur",http://www.nitrr.ac.in/departments.php
"All India Institute of Medical Sciences (AIIMS), Raipur",https://aiimsraipur.edu.in/user/faculty_list.php
"Hidayatullah National Law University (HNLU), Raipur",https://hnlu.ac.in/faculty/
"Indian Institute of Management (IIM), Raipur",https://www.iimraipur.ac.in/faculty-and-research/faculty
"Guru Ghasidas Vishwavidyalaya (A Central University), Bilaspur",https://www.ggu.ac.in/Schools.aspx
"Pandit Ravishankar Shukla University, Raipur",https://www.prsu.ac.in/school-of-studies
"Chhattisgarh Swami Vivekanand Technical University (CSVTU), Bhilai",https://csvtu.ac.in/ew/university-teaching-departments-utd/
"Indira Gandhi Krishi Vishwavidyalaya (IGKV), Raipur",https://igkv.ac.in/academics/faculties/
"Atal Bihari Vajpayee Vishwavidyalaya, Bilaspur",https://www.bilaspuruniversity.ac.in/department.php
"Shaheed Mahendra Karma Vishwavidyalaya, Bastar",http://bvvjdp.ac.in/school-of-studies/
"Shaheed Nandkumar Patel Vishwavidyalaya, Raigarh",https://snpv.ac.in/schools-departments/
"Government Engineering College (GEC), Raipur",https://www.gecraipur.ac.in/departments.php
"Bhilai Institute of Technology (BIT), Durg",https://www.bitdurg.ac.in/departments/
"Shri Shankaracharya Technical Campus (SSTC), Bhilai",https://sstc.ac.in/faculty/
"Rungta College of Engineering and Technology, Bhilai",https://rungta.ac.in/rcet/about-us/faculties.html
"Kalinga University, Naya Raipur",https://kalingauniversity.ac.in/faculty.aspx
"Government Engineering College, Bilaspur",http://www.gecbilaspur.ac.in/departments.html
"MATS University, Raipur",https://www.matsuniversity.ac.in/schools.php
Disclaimer,Website
links and their structure can change over time. The links provided are the most direct and relevant pages available at the time of this search.Here are faculty directory links for major colleges in Goa where such directories are available,-
Goa University,http://info.unigoa.ac.in/faculty_A-Z.php
Goa College of Architecture,https://gcarch.goa.gov.in/faculty-list/
Additional context,-
"The Directorate of Higher Education, Goa, provides broader faculty listings for institutes under its purview, which may include multiple colleges",https://www.dhe.goa.gov.in/faculty/getListing/
Goa University,https://www.unigoa.ac.in/schools/schools-overview.html
"BITS Pilani, K K Birla Goa Campus",https://www.bits-pilani.ac.in/goa/faculty/
National Institute of Technology (NIT) Goa,https://www.nitgoa.ac.in/department/index.php
Goa Institute of Management (GIM),https://gim.ac.in/faculty
Goa College of Engineering (GEC),http://www.gec.ac.in/departments.php
Don Bosco College of Engineering,https://www.dbcegoa.ac.in/departments/
Padre Conceicao College of Engineering (PCCE),https://www.pccegoa.edu.in/p/faculty-profiles
Shree Rayeshwar Institute of Engineering and Information Technology,http://www.ritgoa.ac.in/faculty-list/
"St. Xaviers College, Mapusa",https://xavierscollege-goa.com/departments/
Parvatibai Chowgule College of Arts and Science,https://chowgules.ac.in/web/departments/
Dhempe College of Arts & Science,https://dhempecollege.edu.in/departments/
Carmel College for Women,http://carmelcollegegoa.org/departments/
MES College of Arts and Commerce,https://mescollege.in/faculty/
"Government College of Arts, Science and Commerce, Sanquelim",https://www.gcsc.ac.in/departments/
Rosary College of Commerce & Arts,https://rosarycollege.org/departments/
S. S. Dempo College of Commerce and Economics,https://dempocollege.edu.in/departments/
Goa Medical College and Hospital (GMC),https://www.gmc.goa.gov.in/departments/
Goa Dental College & Hospital,https://gdch.goa.gov.in/department/
Goa College of Pharmacy,https://gcpharma.ac.in/faculty.php
Goa College of Architecture,https://gcarch.goa.gov.in/faculty/
V. M. Salgaocar College of Law,https://vmslaw.edu.in/faculty/
"Institute of Hotel Management (IHM), Goa",https://www.ihmgoa.gov.in/faculty.html
Goa College of Home Science,https://gchsc.ac.in/our-faculty.phpHere
"are faculty directory links for selected colleges and universities in Gujarat, formatted as requested",-
Gokul University,https://www.gokuluniversity.ac.in/facultylist[1]
Gujarat Arts and Science College (GASC),https://gasc.gujarat.gov.in/whos-who[3]
Sardar Patel University,https://www.spuvvn.edu/faculties/[4]
Gujarat University,https://www.gujaratuniversity.ac.in/Faculty[5]
Format,College
Name,<link>
Indian Institute of Technology Gandhinagar (IIT Gandhinagar),https://iitgn.ac.in/faculty
Indian Institute of Management Ahmedabad (IIM Ahmedabad),https://www.iima.ac.in/faculty-research/faculty-directory
"Sardar Vallabhbhai National Institute of Technology (SVNIT), Surat",https://www.svnit.ac.in/departments/
"Indian Institute of Information Technology (IIIT), Vadodara",https://iiitv.ac.in/faculty-members/
"All India Institute of Medical Sciences (AIIMS), Rajkot",https://aiimsrajkot.edu.in/people/faculty
"Gujarat University, Ahmedabad",https://www.gujaratuniversity.ac.in/department
"The Maharaja Sayajirao University of Baroda (MSU), Vadodara",https://www.msubaroda.ac.in/faculty
"Nirma University, Ahmedabad",https://nirmauni.ac.in/faculty/
"Pandit Deendayal Energy University (PDEU), Gandhinagar",https://www.pdeu.ac.in/faculty.html
Ahmedabad University,https://ahduni.edu.in/academics/faculty-directory/
"Dhirubhai Ambani Institute of Information and Communication Technology (DA-IICT), Gandhinagar",https://www.daiict.ac.in/people/faculty
"CEPT University, Ahmedabad",https://cept.ac.in/faculty
"Sardar Patel University, Vallabh Vidyanagar",http://www.spuvvn.edu/academic_programmes/departments/
"Saurashtra University, Rajkot",https://saurashtrauniversity.edu/departments/
"Veer Narmad South Gujarat University (VNSGU), Surat",https://www.vnsgu.ac.in/dept/
"Ganpat University, Mehsana",https://www.ganpatuniversity.ac.in/faculty
"Charotar University of Science and Technology (CHARUSAT), Changa",https://www.charusat.ac.in/faculties.php
"B. J. Medical College, Ahmedabad",http://www.bjmcabd.edu.in/index.php/departments
"L. M. College of Pharmacy, Ahmedabad",https://lmcp.in/faculty/teaching-staff/
"L. D. College of Engineering, Ahmedabad",http://ldce.ac.in/departments
"National Institute of Design (NID), Ahmedabad",https://www.nid.edu/people/faculty.html
"Dharmsinh Desai University (DDU), Nadiad",https://www.ddu.ac.in/faculties.php
"(Directory is by faculty, e.g., Technology, Pharmacy)Here are faculty directory links for colleges in Haryana, formatted as requested. Most colleges do not maintain easy-access directory links; some host faculty lists directly on their website, while others use centralized or PDF directories. Below are reliable cases based on the search results",-
Aggarwal College Ballabgarh,http://www.hcta.in/download/directory.pdf[1]
GC Sector-9 Gurugram,http://gcsector9.ac.in/Faculty[5]
Government College Jhajjar,https://highereduhry.ac.in/Notices/1496.pdf[3]
"For universities in Haryana, official websites typically host faculty information (though sometimes not directly as faculty directory). Here are major university links; check their menus for faculty sections",-
"Ch. Ranbir Singh University, Jind",http://www.crsu.ac.in[2]
Amity University Gurgaon,http://amity.edu/gurgaon[2]
Apeejay Stya University,http://university.apeejay.edu/[2]
BML Munjal University,http://bmu.edu.in/[2]
G.D. Goenka University,http://gdgoenkauniversity.com[2]
IILM University,http://iilm.edu.in[2]
"For comprehensive faculty listings covering multiple colleges (especially government institutions across Haryana), refer to",-
Haryana College Teacher Association Directory (PDF),http://www.hcta.in/download/directory.pdf[1]
Higher Education Haryana Faculty Directory (PDF),https://highereduhry.ac.in/Notices/1496.pdf[3]
"Kurukshetra University, Kurukshetra",https://kuk.ac.in/departments
"Maharshi Dayanand University (MDU), Rohtak",https://mdu.ac.in/pages/Departments.aspx
"National Institute of Technology (NIT), Kurukshetra",https://www.nitkkr.ac.in/sub_courses/departments.php
"Indian Institute of Management (IIM), Rohtak",https://iimrohtak.ac.in/faculty/
"Chaudhary Charan Singh Haryana Agricultural University, Hisar",https://hau.ac.in/faculty-all-list/
"Guru Jambheshwar University of Science and Technology, Hisar",http://www.gjust.ac.in/faculty.html
"Deenbandhu Chhotu Ram University of Science and Technology, Murthal",https://dcrustm.ac.in/departments/
"J.C. Bose University of Science and Technology, YMCA, Faridabad",https://jcboseust.ac.in/departments
"Central University of Haryana, Mahendragarh",https://www.cuh.ac.in/schools.aspx
"Indian Institute of Information Technology (IIIT), Sonepat",https://iiitsonepat.ac.in/academics/departments
"National Dairy Research Institute (NDRI), Karnal",https://ndri.res.in/faculty-members/
"National Brain Research Centre (NBRC), Manesar",https://www.nbrc.ac.in/core-faculty.php
"Chaudhary Ranbir Singh University, Jind",https://crsu.ac.in/academics/departments
"Pt. Bhagwat Dayal Sharma University of Health Sciences, Rohtak",http://www.pgimsrohtak.ac.in/departments.html
"Kalpana Chawla Government Medical College, Karnal",https://www.kcgmc.edu.in/departments/
"Shaheed Hasan Khan Mewati Govt. Medical College, Nalhar",http://www.shkmgmcnuh.org/department.aspx
"Maharaja Agrasen Medical College, Agroha",https://mamc.edu.in/departments/
"Ashoka University, Sonepat",https://www.ashoka.edu.in/faculty/
"O.P. Jindal Global University, Sonipat",https://jgu.edu.in/faculty/
"Manav Rachna International Institute of Research and Studies, Faridabad",https://manavrachna.edu.in/faculty-of-engineering-and-technology/
"SRM University, Sonepat",https://srmuniversity.ac.in/faculty/
"The NorthCap University, Gurugram",https://www.ncuindia.edu/faculty-members
Disclaimer,University
"websites are updated frequently, so the exact link structure may change. If a link is broken, navigating from the universitys homepage via Academics, Departments, or Faculty sections is usually the best approach.Below are faculty directory links for colleges in Himachal Pradesh, listed in the requested format",-
"College of Business Studies, Himachal Pradesh University",https://www.hpuniv.ac.in/university-detail/college-of-business-studies/faculty[1]
IIM Sirmaur,https://www.iimsirmaur.ac.in/faculty-list-AtoZ[3]
Baddi University of Emerging Sciences and Technologies,https://www.baddiuniv.ac.in/member/[5]
Additional institutional websites (with potential faculty information sections) from the state,-
"Dr Yashwant Singh Parmar University of Horticulture and Forestry (Nauni, Solan)",https://www.yspuniversity.ac.in/[4]
Government College Nalagarh,https://gdcnalagarh.com[4]
Government College Arki,https://www.gcarki.ac.in[4]
Jaypee University of Information Technology (JUIT),http://www.juit.ac.in[4]
Note,Some
Indian Institute of Technology (IIT) Mandi,https://www.iitmandi.ac.in/schools
National Institute of Technology (NIT) Hamirpur,https://nith.ac.in/departments
Indian Institute of Management (IIM) Sirmaur,https://www.iimsirmaur.ac.in/faculty-and-research/faculty-directory
"Himachal Pradesh University (HPU), Shimla",https://hpuniv.ac.in/university-detail/home.php?department
"Dr. Yashwant Singh Parmar University of Horticulture and Forestry, Nauni",https://www.yspuniversity.ac.in/academics/colleges-departments.php
"CSK Himachal Pradesh Krishi Vishvavidyalaya, Palampur",http://www.hillagric.ac.in/index.php/en/academics/colleges
"Central University of Himachal Pradesh, Dharamshala",https://cuhimachal.ac.in/schools.aspx
"Sardar Vallabhbhai Patel Cluster University, Mandi",https://svpcumandi.ac.in/departments
"Indira Gandhi Medical College (IGMC), Shimla",http://www.igmcshimla.edu.in/departments
"Dr. Rajendra Prasad Government Medical College, Tanda (Kangra)",https://www.rpgmc.ac.in/departments
"Shri Lal Bahadur Shastri Government Medical College, Ner Chowk (Mandi)",https://www.slbsgmchmandi.in/departments.php
"Jaypee University of Information Technology (JUIT), Solan",https://www.juit.ac.in/departments
"Shoolini University, Solan",https://shooliniuniversity.com/faculty
"Bahra University, Shimla Hills",https://bahrauniversity.edu.in/our-faculties/
APG Shimla University,https://www.agu.edu.in/schools/
"Rajiv Gandhi Government Degree College, Shimla (Chaura Maidan)",https://gcshimla.ac.in/academics/departments
"Government College Sanjauli, Shimla",https://gcsanjauli.in/science-faculty.php
(Note,This
"Vallabh Government College, Mandi",https://gcmandi.in/departments.php
"Government Post Graduate College, Dharamshala",https://gcdharamshala.in/our-facultyBelow
Central University of Jharkhand,https://cuj.ac.in/faculty_profiles.php[1]
"Capital University, Jharkhand",https://www.capitaluniversity.edu.in/Faculty[3]
Jharkhand University of Technology,https://jutranchi.ac.in/wp-content/uploads/2021/12/Teaching-Staff-Slection-List-for-website-converted.pdf[5]
Notes,-
RKDF University Ranchis official website (https,//rkdfuniversity.org)
"Indian Institute of Technology (ISM), Dhanbad",https://www.iitism.ac.in/iitism-departments
"National Institute of Technology (NIT), Jamshedpur",http://www.nitjsr.ac.in/departments/
"Indian Institute of Management (IIM), Ranchi",https://www.iimranchi.ac.in/p/faculty
"Indian Institute of Information Technology (IIIT), Ranchi",https://iiitranchi.ac.in/index.php/people/faculty
"National Institute of Foundry and Forge Technology (NIFFT), Ranchi",http://www.nifft.ac.in/Department.aspx
Central University of Jharkhand,https://cuj.ac.in/schools-dep.php
"Birla Institute of Technology (BIT), Mesra",https://www.bitmesra.ac.in/Visit_Department_of_the_Institute
Ranchi University,https://www.ranchiuniversity.ac.in/department
"Vinoba Bhave University, Hazaribag",https://vbu.ac.in/departments/
"Sido Kanhu Murmu University, Dumka",https://skmu.ac.in/departments
"Kolhan University, Chaibasa",https://www.kolhanuniversity.ac.in/index.php/department-list
"Nilamber-Pitamber University, Medininagar",https://npu.ac.in/p-g-departments/
"Jharkhand Rai University, Ranchi",https://www.jru.edu.in/our-faculty/
"Xavier Institute of Social Service (XISS), Ranchi",https://www.xiss.ac.in/faculty/
"XLRI - Xavier School of Management, Jamshedpur",https://xlri.ac.in/faculty-research/faculty-profiles
"Rajendra Institute of Medical Sciences (RIMS), Ranchi",https://www.rimsranchi.ac.in/department.php
"St. Xaviers College, Ranchi",https://www.sxcran.org/departmentsHere
"are faculty directory links for colleges in Karnataka, as found in the search results",-
Gulbarga University,https://gug.ac.in/employee-directory[1]
Karnataka College of Pharmacy,https://karnatakacollegeofpharmacy.com/faculty/[3]
Chanakya University,https://chanakyauniversity.edu.in/faculty/[5]
"Indian Institute of Science (IISc), Bangalore",https://iisc.ac.in/academics/departments/
Indian Institute of Management Bangalore (IIMB),https://www.iimb.ac.in/faculty-and-research/faculty-directory
"National Institute of Technology Karnataka (NITK), Surathkal",https://www.nitk.ac.in/departments
"Indian Institute of Technology (IIT), Dharwad",https://www.iitdh.ac.in/academics_departments
International Institute of Information Technology Bangalore (IIITB),https://www.iiitb.ac.in/faculty
"Manipal Academy of Higher Education (MAHE), Manipal",https://manipal.edu/mu/academics/institution-list.html
"PES University, Bangalore",https://pes.edu/faculty/
"Christ (Deemed to be University), Bangalore",https://christuniversity.in/academics
"Jain (Deemed-to-be University), Bangalore",https://www.jainuniversity.ac.in/faculty-and-research
"Visvesvaraya Technological University (VTU), Belagavi",https://vtu.ac.in/en/pg-centres/
(Note,VTU
Bangalore University,https://bangaloreuniversity.ac.in/departments/
"R.V. College of Engineering (RVCE), Bangalore",https://www.rvce.edu.in/rvce-departments
"BMS College of Engineering (BMSCE), Bangalore",https://bmsce.ac.in/home/Departments
"Ramaiah Institute of Technology (MSRIT), Bangalore",https://msrit.edu/departments.html
"Siddaganga Institute of Technology (SIT), Tumkur",https://www.sit.ac.in/departments
"The National Institute of Engineering (NIE), Mysore",https://nie.ac.in/departments/
Bangalore Medical College and Research Institute (BMCRI),https://bmcriong.org/departments/
"Kasturba Medical College (KMC), Manipal",https://manipal.edu/kmc-manipal/programs/departments.html
"St. Johns Medical College, Bangalore",https://www.stjohns.in/medicalcollege/departments
"JSS Medical College, Mysore",https://www.jssuni.edu.in/JSSWeb/WebShowFromDB.aspx?MID=10135&CID=0
"St. Josephs University, Bangalore",https://sju.edu.in/departments.html
"Mount Carmel College, Bangalore",https://mccblr.edu.in/departments/
"National Law School of India University (NLSIU), Bangalore",https://www.nls.ac.in/faculty/Here
"are faculty directory links for selected colleges in Kerala, formatted as requested",-
Sree Kerala Varma College,https://old.keralavarma.ac.in/faculty[1]
Central University of Kerala,https://www.cukerala.ac.in/Academics/Academics_CUK_FacultyDirectory[3]
Rajagiri College of Social Sciences,https://rajagiri.edu/faculty-profile[5]
National Institute of Technology Calicut (NITC),https://nitc.ac.in/departments
Indian Institute of Technology Palakkad (IIT Palakkad),https://iitpkd.ac.in/people/faculty
Indian Institute of Management Kozhikode (IIMK),https://iimk.ac.in/faculty-and-research/faculty-directory
Cochin University of Science and Technology (CUSAT),https://www.cusat.ac.in/academics/academic-centres
University of Kerala,https://www.keralauniversity.ac.in/departments
"Mahatma Gandhi University, Kottayam (MGU)",https://www.mgu.ac.in/schools/
University of Calicut,https://www.uoc.ac.in/departments
APJ Abdul Kalam Technological University (KTU),https://ktu.edu.in/eu/core/department.htm
(Note,This
"Sree Sankaracharya University of Sanskrit, Kalady",https://ssus.ac.in/departments
"Indian Institute of Space Science and Technology (IIST), Trivandrum",https://www.iist.ac.in/academics/faculty
"College of Engineering, Trivandrum (CET)",https://www.cet.ac.in/departments/
"TKM College of Engineering, Kollam",https://www.tkmce.ac.in/departments.php
"Government Engineering College, Thrissur (GEC Thrissur)",http://www.gectcr.ac.in/departments
"Mar Athanasius College of Engineering, Kothamangalam (MACE)",https://www.mace.ac.in/departments
"NSS College of Engineering, Palakkad",https://nssce.ac.in/departments/
"Rajiv Gandhi Institute of Technology, Kottayam (RIT)",https://www.rit.ac.in/departments
"Model Engineering College, Thrikkakkara (MEC)",https://www.mec.ac.in/mec/dept
"University College, Thiruvananthapuram",https://www.universitycollege.ac.in/departments/
"Maharajas College, Ernakulam",https://maharajas.ac.in/departments/
"St. Teresas College, Ernakulam",https://teresas.ac.in/departments/
"Sacred Heart College, Thevara",https://www.shcollege.ac.in/departments/
"Farook College, Kozhikode",https://www.farookcollege.ac.in/departments
"CMS College, Kottayam",https://cmscollege.ac.in/departments/
"St. Thomas College, Thrissur",https://www.stthomas.ac.in/departments/
"Government Medical College, Thiruvananthapuram",http://www.tmc.kerala.gov.in/departments.html
"Government Medical College, Kozhikode",https://www.calicutmedicalcollege.ac.in/departments
"Government Medical College, Kottayam",https://www.kottayammedicalcollege.org/departments
"Government Medical College, Thrissur",https://mctcr.kerala.gov.in/departments/
Important Tip,If
"a direct link becomes outdated, the best way to find the faculty list is to go to the colleges main website, look for a menu item like Academics or Departments, and then navigate to the specific department you are interested in.- Sage University, Indore",https://mpnvva.in/Home/UFaculty?instituteID=37[1]
"Peoples University, Bhopal",https://mpnvva.in/Home/UFaculty?instituteID=5[3]
"Chandra Shekhar Azad Govt Lead College, Sehore",http://scholarshipportal.mp.nic.in/EntityPortal/DistPortal/Public/Default.aspx?ID=Mjk=[4]
"College of Agriculture, Sehore",http://scholarshipportal.mp.nic.in/EntityPortal/DistPortal/Public/Default.aspx?ID=Mjk=[4]
"District Institute of Education & Training, Sehore",http://scholarshipportal.mp.nic.in/EntityPortal/DistPortal/Public/Default.aspx?ID=Mjk=[4]
"Awadhesh Pratap Singh University (APSU), Rewa",https://www.apsurewa.ac.in/en/faculty-members-aih[5]
Indian Institute of Technology Indore (IIT Indore),https://www.iiti.ac.in/people/faculty
Indian Institute of Management Indore (IIM Indore),https://www.iimidr.ac.in/faculty-research/faculty/
Maulana Azad National Institute of Technology Bhopal (MANIT Bhopal),https://www.manit.ac.in/departments
Indian Institute of Science Education and Research Bhopal (IISER Bhopal),https://www.iiserb.ac.in/faculty
"Atal Bihari Vajpayee Indian Institute of Information Technology and Management, Gwalior (ABV-IIITM)",https://www.iiitm.ac.in/index.php/en/people/faculty
"Indian Institute of Information Technology, Design and Manufacturing, Jabalpur (IIITDM Jabalpur)",https://www.iiitdmj.ac.in/faculty.php
All India Institute of Medical Sciences Bhopal (AIIMS Bhopal),https://aiimsbhopal.edu.in/index.php/department/index
"Devi Ahilya Vishwavidyalaya, Indore (DAVV)",https://www.dauniv.ac.in/teaching-departments
"Dr. Harisingh Gour Vishwavidyalaya, Sagar (Central University)",http://www.dhsgsu.ac.in/schools
"Jiwaji University, Gwalior",https://www.jiwaji.edu/schools-of-studies.asp
"Barkatullah University, Bhopal",https://www.bubhopal.ac.in/en/content/departments
"Rani Durgavati Vishwavidyalaya, Jabalpur (RDVV)",https://www.rdunijbpin.org/1373/Academic-Departments
"Vikram University, Ujjain",https://vikramuniv.ac.in/school_of_studies.php
"The Indira Gandhi National Tribal University, Amarkantak (Central University)",https://www.igntu.ac.in/department.aspx
"Shri Govindram Seksaria Institute of Technology and Science, Indore (SGSITS)",https://www.sgsits.ac.in/index.php/department
"Jabalpur Engineering College, Jabalpur (JEC)",https://www.jecjabalpur.ac.in/departments.php
"Madhav Institute of Technology & Science, Gwalior (MITS)",https://mitsgwalior.in/departments.php
"Ujjain Engineering College, Ujjain (UEC)",http://www.uecu.ac.in/departments.php
"Rewa Engineering College, Rewa (REC)",https://www.rec-rewa.ac.in/departments.php
"Amity University, Gwalior",https://www.amity.edu/gwalior/faculty-list.aspx
VIT Bhopal University,https://vitbhopal.ac.in/schools/
"Jagran Lakecity University, Bhopal",https://jlu.edu.in/faculty-and-research/
"LNCT University, Bhopal",https://lnctu.ac.in/schools/
"Netaji Subhash Chandra Bose Medical College, Jabalpur",http://www.nscbmc.ac.in/departments.php
"Gajra Raja Medical College, Gwalior",https://www.grmcgwalior.org/department.aspx
"Mahatma Gandhi Memorial Medical College, Indore",https://www.mgmmcindore.in/department.php-
Pillai HOC College of Architecture,https://phcoa.ac.in/faculty/faculty-directory/
Annasaheb Dange College of Engineering and Technology (Mechanical Engineering Department),https://www.adcet.ac.in/mechanical-engineering-faculties
"Maharashtra College of Arts, Science, and Commerce (Degree College Faculty)",https://maharashtracollege.org/faculty-degree.html
Note,Many
Indian Institute of Technology Bombay (IIT Bombay),https://www.iitb.ac.in/en/faculty-members
"Visvesvaraya National Institute of Technology (VNIT), Nagpur",https://vnit.ac.in/people/faculty/
"Institute of Chemical Technology (ICT), Mumbai",https://www.ictmumbai.edu.in/faculty.aspx
"Tata Institute of Social Sciences (TISS), Mumbai",https://tiss.edu/faculty-and-staff/
Savitribai Phule Pune University,http://www.unipune.ac.in/dept/
University of Mumbai,https://mu.ac.in/departments
Rashtrasant Tukadoji Maharaj Nagpur University (RTMNU),https://nagpuruniversity.ac.in/index.php/post_graduate_teaching_departments_pgtd.html
"Shivaji University, Kolhapur",http://www.unishivaji.ac.in/pgdprt
"Dr. Babasaheb Ambedkar Marathwada University, Aurangabad",https://www.bamu.ac.in/departments/Campus-Departments
"SNDT Womens University, Mumbai",https://sndt.ac.in/academics/departments
"College of Engineering, Pune (COEP) Technological University",https://www.coep.org.in/faculty_list
"Veermata Jijabai Technological Institute (VJTI), Mumbai",https://vjti.ac.in/faculty/
"Sardar Patel College of Engineering (SPCE), Mumbai",https://spce.ac.in/department
"Walchand College of Engineering, Sangli",https://www.walchandsangli.ac.in/departments
"K. J. Somaiya College of Engineering, Mumbai",https://kjsce.somaiya.edu/en/academics/departments
"Government College of Engineering, Aurangabad",http://geca.ac.in/home/departments.aspx
"Government College of Engineering, Karad",https://gcekarad.ac.in/academics.php?page=departments
"Vishwakarma Institute of Technology (VIT), Pune",https://www.vit.edu/index.php/departments
"Pimpri Chinchwad College of Engineering (PCCOE), Pune",https://www.pccoe.org/departments/
"MIT Academy of Engineering, Alandi",https://mitaoe.ac.in/departments.php
"St. Xaviers College, Mumbai",https://xaviers.edu/main/index.php/academic/departments
"Fergusson College, Pune",https://www.fergusson.edu/departments
"Ramnarain Ruia Autonomous College, Mumbai",https://www.ruiacollege.edu/Department/Home.aspx
"Podar College of Commerce & Economics, Mumbai",https://www.rapodar.ac.in/index.php/list-of-all-departments
"MIT World Peace University (MIT-WPU), Pune",https://mitwpu.edu.in/faculty-and-staff/
"Symbiosis Institute of Business Management (SIBM), Pune",https://www.sibm.edu/welcome/faculty
"Symbiosis Law School (SLS), Pune",https://www.symlaw.ac.in/faculty
"Bharati Vidyapeeths College of Engineering, Pune",http://bvpcoe.edu.in/departments
"NMIMS Mukesh Patel School of Technology Management & Engineering, Mumbai",https://engineering.nmims.edu/facultyHere
Manipur International University,https://www.miu.edu.in/academics-team/[1]
Manipur University Teacher Education Department,https://www.manipuruniv.ac.in/department/teacher-education-department/faculty-members-23[3]
"Oriental College, Imphal",https://www.orientalcollege.edu.in/faculty/[5]
"Additionally, there is an official list of many college websites published by the Manipur Higher Education Department[4]; you can use these sites to look for additional faculty directories, although direct links to faculty pages for these colleges were not found in the search results. Some examples from that list include",-
Biramangol College,www.biramangolcollege.edu.in
Ideal Girls College,www.idealcollege.edu.in
Manipur University,https://www.manipuruniv.ac.in/department
Dhanamanjuri University (DMU),http://dmu.ac.in/faculties-and-departments/
"Central Agricultural University, Imphal",https://www.cau.ac.in/faculty-2/
National Sports University,https://www.nsu.ac.in/schools/
"National Institute of Technology (NIT), Manipur",https://www.nitmanipur.ac.in/departments
"Indian Institute of Information Technology (IIIT), Manipur",https://www.iiitmanipur.ac.in/people/faculty
"Regional Institute of Medical Sciences (RIMS), Imphal",https://www.rims.edu.in/rims-academics/departments/
"Jawaharlal Nehru Institute of Medical Sciences (JNIMS), Imphal",https://jnims.nic.in/departments.html
"Imphal College, Imphal",https://imphalcollege.ac.in/departments/
"G.P. Womens College, Imphal",https://gpwomenscollege.ac.in/departments.aspx
"Manipur College, Imphal",https://manipurcollege.ac.in/departments/
"Modern College, Imphal",https://moderncollege.ac.in/view-departments.php
"Thoubal College, Thoubal",https://www.thoubalcollege.ac.in/departments.php
"Lilong Haoreibi College, Lilong",https://lhcollege.ac.in/home/departments/
Churachandpur College,http://www.churachandpurcollege.edu.in/departments.html
"Pettigrew College, Ukhrul",https://www.pettigrewcollege.ac.in/department/
"Oriental College, Imphal",https://orientalcollege.nic.in/Departments.html
"N.G. College, Imphal",https://ngcollege.ac.in/departments/
"Bir Tikendrajit College, Moirang",https://www.bctcollege.com/departments.phpHere
"are faculty directory links for colleges in Meghalaya based on the available search results, formatted as requested",-
"ICFAI University, Meghalaya (Faculty of Management Studies)",https://www.iumeghalaya.edu.in/academics/faculty-profiles/faculty-of-management-profiles[1]
National Institute of Technology (NIT) Meghalaya,https://www.nitm.ac.in/p/directory[3]
"St. Edmunds College, Shillong (partial staff list, PDF)",https://sec.edu.in/resc/04042024Staff_List.pdf[5]
"For a full directory of all colleges in Meghalaya, the government provides a comprehensive list here",https://megeducation.gov.in/dhte/pages/colleges.html[2].
Universities and National Institutes,North-Eastern
Hill University (NEHU),https://nehu.ac.in/Departments
Indian Institute of Management Shillong (IIM Shillong),https://www.iimshillong.ac.in/academics/faculty
National Institute of Technology Meghalaya (NIT Meghalaya),https://www.nitm.ac.in/p/faculty
Martin Luther Christian University (MLCU),https://mlcuniv.in/departments/
William Carey University,https://williamcareyuniversity.ac.in/faculties.php
"University of Science and Technology, Meghalaya (USTM)",https://ustm.ac.in/faculty-ustm/
Prominent Colleges,St.
"Anthonys College, Shillong",https://www.anthonys.ac.in/departments/
"St. Edmunds College, Shillong",https://sec.edu.in/departments/
"Lady Keane College, Shillong",https://www.ladykeanecollege.edu.in/departments.aspx
Shillong College,https://shillongcollege.ac.in/departments/
Tura Government College,https://www.turagovtcollege.in/faculty.php
"Sankardev College, Shillong",https://sankardevcollege.ac.in/departments/
"St. Marys College, Shillong",https://stmaryscollegeshillong.edu.in/departments.php
Kiang Nangbah Government College,http://www.kngc.in/departments.html
"Synod College, Shillong",https://synodcollege.edu.in/departments/
"Womens College, Shillong",https://www.womenscollegeshillong.ac.in/departments.phpHere
"are the available faculty directory links of colleges in Mizoram, formatted as requested",-
Mizoram University,https://www.collegebatch.com/2835-mizoram-university-faculty-profiles-aizawl[1]
Aizawl Theological College,https://atc.edu.in/list_of_faculty[5]
Mizoram University,https://mzu.edu.in/all-departments/
Pachhunga University College,https://www.pucollege.edu.in/page/departments
Government Aizawl College,https://gac.ac.in/page/departments
Government Zirtiri Residential Science College,https://www.gzrsc.edu.in/page/departments
Lunglei Government College,https://lgc.ac.in/page/departments
Government Champhai College,https://champhaicollege.edu.in/page/departments
Government Serchhip College,https://serchhipcollege.in/page/departments
Government Kolasib College,https://gkc.ac.in/page/departments
Government Saiha College,http://www.governmentsaihacollege.com/all-departments.php
Government Lawngtlai College,https://glc.edu.in/page/departments
Hrangbana College,https://hrangbanacollege.edu.in/page/departments
T. Romana College,https://trcollege.edu.in/page/departments
Mizoram College of Nursing,https://mcon.mizoram.gov.in/page/faculty
Aizawl West College,http://awc.edu.in/departments/
Johnson College,https://johnsoncollege.in/page/departments
Helen Lowry College of Arts & Commerce,https://www.helenlowrycollege.edu.in/teaching-staff
National Institute of Technology (NIT) Mizoram,https://www.nitmz.ac.in/department
ICFAI University Mizoram,https://www.iumizoram.edu.in/Academics.html
Regional Institute of Paramedical and Nursing Sciences (RIPANS),https://www.ripans.ac.in/page/faculty-of-nursingHere
"are faculty directory or staff listing links for colleges in Nagaland, using the requested format (college name",<link>):
State College of Teacher Education,https://sctek.online/faculty/
Mokokchung College of Teacher Education,https://mcte-nagaland.in/staff/
Tetso College,https://tetsocollege.org/about/faculty/
The following colleges are confirmed to exist in Nagaland but their faculty directories are not present in the provided search results,-
Here are faculty directory links for some colleges in Odisha in the requested format,-
"Odisha State Open University, Sambalpur",https://osou.ac.in/osou-staff.php[1]
Bhadrak Autonomous College,https://bhadrakcollege.ac.in/ts.php[3]
Central University of Odisha,https://cuo.ac.in/Academic_Departments_Faculty.asp?pgid=9&Department_id=1[5]
IIT Bhubaneswar,https://www.iitbbs.ac.in/schools.php
NIT Rourkela,https://www.nitrkl.ac.in/Academics/AcademicDepartments.aspx
AIIMS Bhubaneswar,https://aiimsbhubaneswar.nic.in/departments/
NISER Bhubaneswar,https://www.niser.ac.in/acad/schools
IIM Sambalpur,https://iimsambalpur.ac.in/faculty/
"Utkal University, Bhubaneswar",https://utkaluniversity.ac.in/departments/
"KIIT (Kalinga Institute of Industrial Technology), Bhubaneswar",https://kiit.ac.in/academics/schools/
"SOA (Siksha O Anusandhan), Bhubaneswar",https://www.soa.ac.in/institutes-schools
"VSSUT (Veer Surendra Sai University of Technology), Burla",https://www.vssut.ac.in/department.php
"OUTR (Odisha University of Technology and Research), formerly CETB",https://www.outr.ac.in/departments
"Ravenshaw University, Cuttack",https://www.ravenshawuniversity.ac.in/departments/
"Sambalpur University, Sambalpur",https://www.suniv.ac.in/departments.php
"Berhampur University, Berhampur",http://buodisha.edu.in/pg_departments.php
"XIM University, Bhubaneswar",https://xim.edu.in/faculty-and-research/faculty-directory/
"Sri Sri University, Cuttack",https://srisriuniversity.edu.in/faculty-list/
"Gangadhar Meher University, Sambalpur",https://gmuniversity.ac.in/departments/
"SCB Medical College, Cuttack",https://scbmch.nic.in/departments
"IGIT (Indira Gandhi Institute of Technology), Sarang",http://igitsarang.ac.in/departments
"PMEC (Parala Maharaja Engineering College), Berhampur",https://www.pmec.ac.in/department
"GCEK (Government College of Engineering), Kalahandi",https://www.gcekbpatna.ac.in/departments.php
"GCE (Government College of Engineering), Keonjhar",https://www.gcekjr.ac.in/departments
Note,This
"list covers the most prominent institutions. Many smaller, affiliated colleges may have outdated websites or not provide a clear public-facing faculty directory.Here are faculty directory links for select colleges and universities in Punjab (India)",-
Panjab University,https://iqac.puchd.ac.in/panjab-university-faculty/[1]
"Panjab University, Chandigarh",[https://puchd.ac.in/departments.php](https://puchd.ac.in/departments.php)
"Guru Nanak Dev University, Amritsar",[https://online.gndu.ac.in/department_list.aspx](https://online.gndu.ac.in/department_list.aspx)
"Punjabi University, Patiala",[https://punjabiuniversity.ac.in/pbiuniweb/pages/departments.html](https://punjabiuniversity.ac.in/pbiuniweb/pages/departments.html)
"Punjab Agricultural University, Ludhiana",[https://www.pau.edu/index.php?_act=manage&_mod=academics&_id=Mg==](https://www.pau.edu/index.php?_act=manage&_mod=academics&_id=Mg==)
"Chandigarh University, Mohali",[https://www.cuchd.in/academics/](https://www.cuchd.in/academics/)
"Lovely Professional University, Phagwara",[https://www.lpu.in/schools/](https://www.lpu.in/schools/)
"Central University of Punjab, Bathinda",[https://cup.edu.in/schools.php](https://cup.edu.in/schools.php)
"Indian Institute of Technology (IIT), Ropar",[https://www.iitrpr.ac.in/departments](https://www.iitrpr.ac.in/departments)
"Dr. B. R. Ambedkar National Institute of Technology (NIT), Jalandhar",[http://www.nitj.ac.in/index.php/nitj_cinfo/departments](http://www.nitj.ac.in/index.php/nitj_cinfo/departments)
"Thapar Institute of Engineering and Technology, Patiala",[https://www.thapar.edu/faculty/](https://www.thapar.edu/faculty/)
"Indian Institute of Science Education and Research (IISER), Mohali",[https://www.iisermohali.ac.in/faculty/faculty-list](https://www.iisermohali.ac.in/faculty/faculty-list)
"Sant Longowal Institute of Engineering and Technology (SLIET), Longowal",[http://sliet.ac.in/departments/](http://sliet.ac.in/departments/)
"Government Medical College, Patiala",[https://gmcpatiala.in/departments.html](https://gmcpatiala.in/departments.html)
"Christian Medical College, Ludhiana",[https://www.cmcludhiana.in/college-departments/](https://www.cmcludhiana.in/college-departments/)
"Government Medical College, Amritsar",[https://gmc
Amritsar.nic.in/departments.html](https,//gmc
"Adesh Institute of Medical Sciences & Research, Bathinda",[https://aimsr.adeshuniversity.ac.in/departments.aspx](https://aimsr.adeshuniversity.ac.in/departments.aspx)
"Khalsa College, Amritsar",[https://khalsacollege.edu.in/departments.php](https://khalsacollege.edu.in/departments.php)
"DAV College, Jalandhar",[https://davjalandhar.com/departments/](https://davjalandhar.com/departments/)
"Government Mohindra College, Patiala",[https://mohindracollege.in/show/departments](https://mohindracollege.in/show/departments)
"Lyallpur Khalsa College, Jalandhar",[https://www.lkc.ac.in/academics/departments.html](https://www.lkc.ac.in/academics/departments.html)Here
are faculty directory links for selected colleges in Rajasthan in the format you requested,-
"Government College, Tonk",https://hte.rajasthan.gov.in/college/gctonk/teaching-staff[1]
"Rajasthan Technical University (RTU), Kota",https://www.rtu.ac.in/index/view_menudata.php?page=Faculty388[3]
"Swami Keshwanand Rajasthan Agricultural University (SKRAU), Bikaner",https://raubikaner.org/list-of-accredited-faculty/[5]
"The Rajasthan Department of College Education maintains a comprehensive listing of government colleges; to find the faculty directory for any specific college, start here",https://hte.rajasthan.gov.in/dept/dce/college.php
Major Universities and Institutes,Indian
Institute of Technology Jodhpur (IITJ),https://iitj.ac.in/faculty
"Birla Institute of Technology and Science, Pilani (BITS Pilani)",https://www.bits-pilani.ac.in/pilani/faculty/
Malaviya National Institute of Technology Jaipur (MNIT),http://www.mnit.ac.in/faculty/index.php
All India Institute of Medical Sciences Jodhpur (AIIMS Jodhpur),https://aiimsjodhpur.edu.in/faculty.php
"The LNM Institute of Information Technology (LNMIIT), Jaipur",https://www.lnmiit.ac.in/faculty/
"University of Rajasthan, Jaipur",https://www.uniraj.ac.in/index.php?mid=30
Manipal University Jaipur,https://jaipur.manipal.edu/muj/academics/departments-faculty.html
"Amity University, Jaipur",https://www.amity.edu/jaipur/faculty-list.aspx
Banasthali Vidyapith,http://www.banasthali.org/banasthali/wcms/en/home/lower-menu/faculties-and-departments/index.html
Central University of Rajasthan,https://curaj.ac.in/schools
"JK Lakshmipat University, Jaipur",https://www.jklu.edu.in/faculty/
"Mohanlal Sukhadia University, Udaipur",https://www.mlsu.ac.in/faculty
"Jai Narain Vyas University, Jodhpur (JNVU)",http://www.jnvu.co.in/faculties/
"Maharana Pratap University of Agriculture and Technology, Udaipur (MPUAT)",http://www.mpuat.ac.in/index.php/colleges-institutes/colleges
"Swami Keshwanand Rajasthan Agricultural University, Bikaner (SKRAU)",http://skrau.ac.in/pages/constituent-colleges-amp-institutes.php?id=1033
"Suresh Gyan Vihar University, Jaipur",https://www.gyanvihar.org/faculty.php
"NIMS University, Jaipur",https://nimsuniversity.org/faculty-list/
"Poornima University, Jaipur",https://www.poornima.edu.in/faculty-directory/Here
"are the faculty directory links (or closest equivalents) for colleges in Sikkim, formatted as requested",-
Sikkim University,https://cus.ac.in/index.php/en/head-ics-of-department[1]
Sikkim Manipal University (General faculty),https://smu.onlinemanipal.com/faculty/[5]
Sikkim Manipal Institute of Medical Sciences,https://smims.smu.edu.in
Sikkim Manipal Institute of Technology,https://smit.smu.edu.in
"For affiliated and government colleges in Sikkim, such as",-
| Sikkim University                         | https,//cus.ac.in/index.php/en/head-ics-of-department
| Sikkim Manipal University (General)        | https,//smu.onlinemanipal.com/faculty/
| Sikkim Manipal Institute of Medical Sciences| https,//smims.smu.edu.in
| Sikkim Manipal Institute of Technology     | https,//smit.smu.edu.in
Sikkim University,https://cus.ac.in/index.php/en/faculty-2
National Institute of Technology (NIT) Sikkim,https://nitsikkim.ac.in/academics/departments.php
Sikkim Manipal Institute of Technology (SMIT),https://smit.smu.edu.in/smit/academics/departments.html
Sikkim Manipal Institute of Medical Sciences (SMIMS),https://smims.smu.edu.in/smims/academics/departments.html
"Nar Bahadur Bhandari Degree College, Tadong",https://nbbdegreecollegetadong.in/teaching-staff
"Sikkim Government College, Burtuk",https://sgcburtuk.in/departments.php
Namchi Government College,https://www.namchigovtcollege.in/departments
"Government College, Gyalshing (Geyzing)",https://gegyalshingcollege.in/department.php
"Government College, Rhenock",http://www.gcrhenock.in/Faculty.aspx
Sikkim Government Law College,https://sglc.ac.in/faculty/
"Sikkim Government B.Ed. College, Soreng",https://sgbedsoreng.in/faculty-profile.php
"Himalayan Pharmacy Institute, Majhitar",http://hpi.ac.in/faculty/Here
are faculty directory links for select colleges/universities in Tamil Nadu based on the available search results,-
"Kongunadu Arts and Science College (SKASC, Coimbatore)",https://skasc.ac.in/discipline/commerce/faculty/[1]
Central University of Tamil Nadu,https://cutn.ac.in/wp-content/uploads/2023/09/Teaching-and-Non-Teaching-Staff-Directory-rev-04092023.pdf[3]
Tamil Nadu Open University,https://tnou.ac.in/wp-content/uploads/2022/11/List-of-teaching-staff-of-TNOU.pdf[5]
Indian Institute of Technology Madras (IITM),https://www.iitm.ac.in/academics/departments
National Institute of Technology Tiruchirappalli (NITT),https://www.nitt.edu/home/academics/departments/
"Indian Institute of Information Technology, Design and Manufacturing (IIITDM), Kancheepuram",https://www.iiitdm.ac.in/academics/department
Indian Institute of Management (IIM) Tiruchirappalli,https://www.iimtrichy.ac.in/faculty-and-research/faculty-profiles
"Anna University, Chennai",https://www.annauniv.edu/department.php
"Vellore Institute of Technology (VIT), Vellore",https://vit.ac.in/schools
SRM Institute of Science and Technology (SRMIST),https://www.srmist.edu.in/academics/faculty/
"SASTRA Deemed University, Thanjavur",https://www.sastra.edu/schools.html
"University of Madras, Chennai",https://www.unom.ac.in/index.php?route=academics/departments
"Bharathidasan University, Tiruchirappalli",https://www.bdu.ac.in/schools
"Madurai Kamaraj University, Madurai",https://mkuniversity.ac.in/new/school
"Amrita Vishwa Vidyapeetham, Coimbatore",https://www.amrita.edu/schools/?campus=coimbatore
"Tamil Nadu Agricultural University (TNAU), Coimbatore",https://tnau.ac.in/colleges-directorates/
"Alagappa University, Karaikudi",https://alagappauniversity.ac.in/departments.php
"PSG College of Technology, Coimbatore",https://www.psgtech.edu/departments.php
"Coimbatore Institute of Technology (CIT), Coimbatore",https://www.cit.edu.in/departments/
"Thiagarajar College of Engineering (TCE), Madurai",https://www.tce.edu/departments
"Government College of Technology (GCT), Coimbatore",https://www.gct.ac.in/departments
"Kumaraguru College of Technology (KCT), Coimbatore",https://www.kct.ac.in/programmes/
"Sri Sivasubramaniya Nadar (SSN) College of Engineering, Chennai",https://www.ssn.edu.in/engineering-departments/
B.S. Abdur Rahman Crescent Institute of Science and Technology,https://crescent.education/schools/
"Loyola College, Chennai",https://www.loyolacollege.edu/departments/List-of-Departments
"Madras Christian College (MCC), Chennai",https://mcc.edu.in/departments/
"Stella Maris College, Chennai",https://stellamariscollege.edu.in/departments/
"Presidency College, Chennai",https://presidencycollegechennai.ac.in/departments.php
"Ethiraj College for Women, Chennai",https://www.ethirajcollege.edu.in/department.php
"PSG College of Arts and Science, Coimbatore",https://www.psgcas.ac.in/academics/departments.html
"The American College, Madurai",https://americancollege.edu.in/departments/
"Christian Medical College (CMC), Vellore",https://www.cmch-vellore.edu/Departments
"Madras Medical College, Chennai",http://www.mmc.ac.in/mmc/index.jsp#
"Stanley Medical College, Chennai",https://www.stanleymedicalcollege.ac.in/stanleymedicalcollege/departments.phpHere
"are faculty directory links (or direct faculty pages) for selected colleges in Telangana, compiled from available search results. Only colleges where such links or documents could be identified are listed",-
St. Martins Engineering College,https://www.smec.ac.in/Departmentssidebar/facultyprofilehs[1]
University of Hyderabad,https://uohyd.ac.in/wp-content/uploads/2021/08/Faculty-contact-list.pdf[3]
Jawaharlal Nehru Technological University Hyderabad College of Engineering (JNTUH CEH),https://jntuhceh.ac.in/faculty/5/dept/5[5]
"Osmania University, Hyderabad",https://www.osmania.ac.in/faculties-and-departments.php
University of Hyderabad (HCU),https://uohyd.ac.in/faculty-profile/
Jawaharlal Nehru Technological University Hyderabad (JNTUH),https://jntuh.ac.in/departments
"Kakatiya University, Warangal",https://www.kakatiya.ac.in/faculties.php
Maulana Azad National Urdu University (MANUU),https://manuu.edu.in/University/Academic/Schools
English and Foreign Languages University (EFLU),https://www.efluniversity.ac.in/Schools.php
Potti Sreeramulu Telugu University,http://teluguuniversity.ac.in/departments/
"Telangana University, Nizamabad",https://www.telanganauniversity.ac.in/faculties-departments
"Indian Institute of Technology, Hyderabad (IITH)",https://www.iith.ac.in/academics/departments/
"National Institute of Technology, Warangal (NITW)",https://www.nitw.ac.in/departments/
"International Institute of Information Technology, Hyderabad (IIIT-H)",https://www.iiit.ac.in/people/faculty/
"Chaitanya Bharathi Institute of Technology (CBIT), Hyderabad",https://www.cbit.ac.in/academics_post/departments-2/
"Vasavi College of Engineering (VCE), Hyderabad",https://www.vce.ac.in/departments.html
"VNR Vignana Jyothi Institute of Engineering and Technology (VNRVJIET), Hyderabad",https://www.vnrvjiet.ac.in/ug.php
"Gokaraju Rangaraju Institute of Engineering and Technology (GRIET), Hyderabad",http://www.griet.ac.in/departments.php
"B.V. Raju Institute of Technology (BVRIT), Narsapur",https://bvrithyderabad.edu.in/index.php/departments
"Institute of Aeronautical Engineering (IARE), Hyderabad",https://iare.ac.in/departments
"Mahatma Gandhi Institute of Technology (MGIT), Hyderabad",https://www.mgit.ac.in/departments.html
"CVR College of Engineering, Hyderabad",https://cvr.ac.in/home/index.php/departments
"Keshav Memorial Institute of Technology (KMIT), Hyderabad",https://www.kmit.in/faculty/
"Malla Reddy College of Engineering and Technology (MRCET), Hyderabad",https://www.mrcet.com/departments.html
"CMR College of Engineering & Technology (CMRCET), Hyderabad",https://www.cmrcet.ac.in/departments/
"Vardhaman College of Engineering, Hyderabad",https://vardhaman.org/departments-introduction/
"Sreenidhi Institute of Science and Technology (SNIST), Ghatkesar",https://www.sreenidhi.edu.in/departments.php
"Osmania Medical College, Hyderabad",http://osmaniamedicalcollege.org/departments.html
"Gandhi Medical College, Secunderabad",http://gmcsecunderabad.org/departments.html
"Nizams Institute of Medical Sciences (NIMS), Hyderabad",https://nims.edu.in/speciality-departments
"All India Institute Of Medical Sciences (AIIMS), Bibinagar",https://aiimsbibinagar.edu.in/departments/
"ESIC Medical College, Hyderabad",https://www.esicmchyd.ac.in/departments.aspx
"Kamineni Institute of Medical Sciences (KIMS), Narketpally",https://kimsmedicalcollege.org/departments/
"Deccan College of Medical Sciences, Hyderabad",https://www.dms-hyd.com/Departments.aspx
"Kakatiya Medical College, Warangal",https://kmcwgl.com/departments/
"Indian School of Business (ISB), Hyderabad",https://www.isb.edu/en/faculty-research/faculty-directory.html
"National Institute of Fashion Technology (NIFT), Hyderabad",https://www.nift.ac.in/hyderabad/faculty
"Administrative Staff College of India (ASCI), Hyderabad",https://www.asci.org.in/faculty-listing/
"Institute of Public Enterprise (IPE), Hyderabad",https://www.ipeindia.org/faculty-directory/
"St. Francis College for Women, Hyderabad",https://www.sfc.ac.in/departments.html
"Loyola Academy Degree & PG College, Secunderabad",https://www.loyolaacademy.edu.in/LA/department.phpHere
Tripura Institute of Technology,https://titagartala.ac.in/departments/computer-science-engineering/people/faculty-members/
Tripura University,https://tripurauniv.ac.in/site/index.php/en/teaching-faculty-list-en
Maharaja Bir Bikram University,http://www.mbbuniversity.ac.in/facultylist.php
National Institute of Technology Agartala,http://www.nita.ac.in/facultylist.php
"ICFAI University, Tripura",http://www.iutripura.edu.in/IcfaiTripura/FacultyTeam.aspx
Bir Bikram Memorial College,http://www.bbmc.nic.in/faculty.html
"Govt. Degree College, Khumulwng",https://khumulwngcollege.in/faculty
Ramthakur College,http://www.ramthakurcollege.nic.in/faculty.php
"DDM College, Khowai",Not
"Women’s College, Agartala",Not
Tripura University,https://www.tripurauniv.ac.in/Department/Departments
Maharaja Bir Bikram (MBB) University,https://mbbuniversity.ac.in/departments
National Institute of Technology (NIT) Agartala,https://www.nita.ac.in/department/index.html
Tripura Institute of Technology (TIT),https://www.titagartala.ac.in/departments
Agartala Government Medical College (AGMC),https://agmc.nic.in/faculty-staff
Tripura Medical College & Dr. B.R. Ambedkar Memorial Teaching Hospital (TMC),https://tmc.nic.in/departments
"College of Agriculture, Tripura",https://www.cat.ac.in/faculties-staff/
"College of Fisheries, Lembucherra",https://www.cofcau.in/faculty-profile
"ICFAI University, Tripura",https://www.iutripura.edu.in/faculty.html
Maharaja Bir Bikram (MBB) College,https://mbbcollege.in/departments
"Womens College, Agartala",https://womenscollege.nic.in/departments
Ramthakur College,https://ramthakurcollege.in/departments
Iswar Chandra Vidyasagar College,https://icvcollege.in/departments
"Netaji Subhash Mahavidyalaya, Udaipur",https://nsmahavidyalaya.nic.in/departments
"Kabi Nazrul Mahavidyalaya, Sonamura",https://knmahavidyalaya.in/departments
"Government Degree College, Dharmanagar",https://gdcdharmanagar.in/departments
"Government Degree College, Kamalpur",https://gdckamalpur.in/departments
"Government Degree College, Khumulwng",https://gdckhumulwng.in/departments
"Michael Madhusudan Dutt College, Sabroom",https://mmdcollege.in/department.php
"Government Degree College, Santirbazar",https://gdcsantirbazar.in/departments
"Government Degree College, Teliamura",https://gdcteliamura.in/departments
"Rabindranath Thakur Mahavidyalaya, Bishalgarh",https://rtmahavidyalaya.in/departments
"Government Degree College, Longtharai Valley",https://gdclongtharaivalley.in/departmentsHere
are faculty directory links for colleges in Uttar Pradesh as found in the search results,-
"Tilak Dhari P.G. College, Jaunpur",https://www.tdcollege.org/en/page/faculty-list[1]
Shiv Nadar University,https://snu.edu.in/faculty/[3]
"Rajkiya Engineering College, Ambedkar Nagar",https://www.recabn.ac.in/?page_id=3892[5]
Important Note,Most
"Indian Institute of Technology, Kanpur (IIT Kanpur)",https://www.iitk.ac.in/doaa/data/department-faculty-list
"Indian Institute of Technology (BHU), Varanasi (IIT BHU)",https://iitbhu.ac.in/deans/dofa/faculty-list
"Motilal Nehru National Institute of Technology, Allahabad (MNNIT)",http://www.mnnit.ac.in/index.php/departments
"Indian Institute of Information Technology, Allahabad (IIIT Allahabad)",https://www.iiita.ac.in/academics/departments/
"Indian Institute of Information Technology, Lucknow (IIIT Lucknow)",https://iiitl.ac.in/index.php/faculty/
"Indian Institute of Management, Lucknow (IIM Lucknow)",https://www.iiml.ac.in/faculty-and-research/faculty-directory
"Banaras Hindu University (BHU), Varanasi",https://www.bhu.ac.in/Site/Unit/1_2_16_Main-Site
"Aligarh Muslim University (AMU), Aligarh",https://www.amu.ac.in/academies/faculties
University of Allahabad,https://www.allduniv.ac.in/department/index
"Babasaheb Bhimrao Ambedkar University, Lucknow",https://www.bbau.ac.in/department
"Dr. A.P.J. Abdul Kalam Technical University (AKTU), Lucknow",https://aktu.ac.in/departments.html
(Note,AKTU
"King Georges Medical University (KGMU), Lucknow",https://www.kgmu.org/department-list
"University of Lucknow, Lucknow",https://www.lkouniv.ac.in/en/page/departments-and-institutes
"Harcourt Butler Technical University (HBTU), Kanpur",https://hbtu.ac.in/schools-departments/
"Madan Mohan Malaviya University of Technology (MMMUT), Gorakhpur",http://www.mmmut.ac.in/Departments
"Sanjay Gandhi Postgraduate Institute of Medical Sciences (SGPGI), Lucknow",https://sgpgims.org.in/sgpgi_dept.html
"Chhatrapati Shahu Ji Maharaj University, Kanpur",https://csjmu.ac.in/departments-2/
"Chaudhary Charan Singh University, Meerut",https://www.ccsuniversity.ac.in/ccsum/all-departments.php
"Gautam Buddha University, Greater Noida",https://www.gbu.ac.in/page/schools
"Amity University, Noida",https://www.amity.edu/noida/institutions.aspx
"Sharda University, Greater Noida",https://www.sharda.ac.in/schools
"Galgotias University, Greater Noida",https://www.galgotiasuniversity.edu.in/schools.asp
"Shiv Nadar University, Greater Noida",https://snu.edu.in/schools/
"Jaypee Institute of Information Technology (JIIT), Noida",https://www.jiit.ac.in/departments
"GLA University, Mathura",https://www.gla.ac.in/institutes-and-departments/university-polytechnic
"Bennett University, Greater Noida",https://www.bennett.edu.in/schools/Here
"are Uttarakhand colleges for which faculty directory links were available, listed in the requested format",-
Uttarakhand Sanskrit University,https://usvv.ac.in/teaching-list.php[1]
Ras Bihari Bose Subharti University (RBBSU),https://rbbsu.edu.in/faculty-list[3]
"The following related links were also identified, but they do not directly provide a faculty directory",-
Sri Dev Suman Uttarakhand University,The
"Uttarakhand Technical University (now Veer Madho Singh Bhandari Uttarakhand Technical University, aka UKTECH)",The
Format,College
Name,<Link>
Indian Institute of Technology Roorkee (IIT Roorkee),[https://www.iitr.ac.in/Departments/index.html](https://www.iitr.ac.in/Departments/index.html)
National Institute of Technology Uttarakhand (NIT Uttarakhand),[https://nituk.ac.in/department](https://nituk.ac.in/department)
Indian Institute of Management Kashipur (IIM Kashipur),[https://www.iimkashipur.ac.in/about-us/faculty](https://www.iimkashipur.ac.in/about-us/faculty)
All India Institute of Medical Sciences Rishikesh (AIIMS Rishikesh),[https://aiimsrishikesh.edu.in/college/departments/](https://aiimsrishikesh.edu.in/college/departments/)
"H.N.B. Garhwal University (A Central University), Srinagar",[http://www.hnbgu.ac.in/schools](http://www.hnbgu.ac.in/schools)
"Kumaun University, Nainital",[https://www.kunainital.ac.in/faculties.php](https://www.kunainital.ac.in/faculties.php)
"G.B. Pant University of Agriculture and Technology, Pantnagar",[https://www.gbpuat.ac.in/academics/colleges/index.html](https://www.gbpuat.ac.in/academics/colleges/index.html)
"Doon University, Dehradun",[https://doonuniversity.ac.in/schools](https://doonuniversity.ac.in/schools)
"Uttarakhand Technical University, Dehradun",[https://uktech.ac.in/en/page/departments](https://uktech.ac.in/en/page/departments)
"Forest Research Institute (Deemed to be University), Dehradun",[https://fri.icfre.gov.in/divisions/](https://fri.icfre.gov.in/divisions/)
"University of Petroleum and Energy Studies (UPES), Dehradun",[https://www.upes.ac.in/our-faculty](https://www.upes.ac.in/our-faculty)
"Graphic Era University, Dehradun",[https://www.geu.ac.in/content/geu/en/academics/departments.html](https://www.geu.ac.in/content/geu/en/academics/departments.html)
"DIT University, Dehradun",[https://www.dituniversity.edu.in/faculty-and-research](https://www.dituniversity.edu.in/faculty-and-research)
"IMS Unison University, Dehradun",[https://www.iuu.ac/faculty-directory.php](https://www.iuu.ac/faculty-directory.php)
"Himgiri Zee University, Dehradun",[https://hzu.edu.in/our-faculty/](https://hzu.edu.in/our-faculty/)
"Government Medical College, Haldwani",[http://gmchld.org/departments/](http://gmchld.org/departments/)
"Veer Chandra Singh Garhwali Government Institute of Medical Science & Research, Srinagar",[http://vcsgsrinagar.org/departments/](http://vcsgsrinagar.org/departments/)
"Shri Guru Ram Rai Institute of Medical & Health Sciences, Dehradun",[https://sgrrmc.com/super-speciality-departments](https://sgrrmc.com/super-speciality-departments)
"(This page links to various departments)Here are faculty directory links for select colleges in West Bengal, based on the available search results",-
University of Kalyani,https://klyuniv.ac.in/faculty-directory/[1]
Kazi Nazrul University,https://www.knu.ac.in/get-page-details-sub-category/faculty-directory/18[5]
Format,College
Name,<link>
"Indian Institute of Technology (IIT), Kharagpur",http://www.iitkgp.ac.in/departments
"Indian Institute of Management (IIM), Calcutta",https://www.iimcal.ac.in/faculty/faculty-directory
"Indian Institute of Science Education and Research (IISER), Kolkata",https://www.iiserkol.ac.in/web/en/people/faculty/
"National Institute of Technology (NIT), Durgapur",https://nitdgp.ac.in/departments
"Indian Institute of Engineering Science and Technology (IIEST), Shibpur",https://www.iiests.ac.in/IIEST/department
"Indian Statistical Institute (ISI), Kolkata",https://www.isical.ac.in/~isical/faculty
"Jadavpur University, Kolkata",http://www.jaduniv.edu.in/
"University of Calcutta, Kolkata",https://www.caluniv.ac.in/academic/department.html
"Presidency University, Kolkata",https://www.presiuniv.ac.in/web/alldepartments.php
"University of Burdwan, Bardhaman",https://buruniv.ac.in/Depts.php
"University of North Bengal, Siliguri",https://www.nbu.ac.in/academics/departments.html
"Vidyasagar University, Midnapore",http://www.vidyasagar.ac.in/departments/DepartmentList.aspx
"University of Kalyani, Kalyani",https://klyuniv.ac.in/departments/
Maulana Abul Kalam Azad University of Technology (MAKAUT),https://makautwb.ac.in/page.php?id=199
"West Bengal State University, Barasat",https://wbsu.ac.in/departments/
"Rabindra Bharati University, Kolkata",https://rbu.ac.in/faculty-councils/
"St. Xaviers College, Kolkata (Autonomous)",https://www.sxccal.edu/academics/departments/
"Ramakrishna Mission Residential College, Narendrapur (Autonomous)",https://www.rkmrc.in/departments.php
"Ramakrishna Mission Vidyamandira, Belur Math (Autonomous)",https://vidyamandira.ac.in/departments/
"Bethune College, Kolkata",https://www.bethunecollege.ac.in/departments.htm
"Lady Brabourne College, Kolkata",https://www.ladybrabourne.com/view-all-department
"Scottish Church College, Kolkata",https://www.scottishchurch.ac.in/departments/
"Heritage Institute of Technology, Kolkata",https://www.heritageit.edu/Departments.aspx
"Haldia Institute of Technology, Haldia",https://hithaldia.ac.in/hit-departments/
"Institute of Engineering & Management (IEM), Kolkata",https://iem.edu.in/faculty-members-in-engineering-management/
"Techno Main Salt Lake, Kolkata",https://www.ticollege.ac.in/academics/departments/
